{
  "$schema": "https://schema.management.azure.com/schemas/0.1.2-preview/CreateUIDefinition.MultiVm.json#",
  "handler": "Microsoft.Compute.MultiVm",
  "version": "0.1.2-preview",
  "parameters": {
    "basics": [ ],
    "steps": [
      {
        "name": "StorageConfig",
        "label": "Storage Account Settings",
        "subLabel": {
          "preValidation": "Select the name and type of storage",
          "postValidation": "Done"
        },
        "bladeTitle": "Storage Account Settings",
        "elements": [
          {
            "name": "storageAccount",
            "type": "Microsoft.Storage.StorageAccountSelector",
            "label": "Storage account",
            "toolTip": "Storage account to be managed",
            "defaultValue": {
              "type": "Standard_LRS",
              "name": "[concat('storage', take(replace(guid(), '-', ''), 17))]"
            },
            "options": {
              "hideExisting": "true"
            }
          }
        ]
      }
    ],
    "outputs": {
      "location": "[location()]",
      "storageAccountName": "[steps('StorageConfig').storageAccount.name]",
      "storageAccountType": "[steps('StorageConfig').storageAccount.type]"
    }
  }
}