{
    "$schema": "https://schema.management.azure.com/schemas/2015-01-01/deploymentTemplate.json#",
    "contentVersion": "1.0.0.0",
    "parameters": {
        "location": {
            "type": "string",
            "defaultValue": "[resourceGroup().location]"
        },
        "storageAccountName": {
            "type": "string",
            "defaultValue": "[uniqueString(resourceGroup().id, 'storage')]"
        },
        "storageAccountType": {
            "type": "string",
            "defaultValue": "Standard_LRS"
        }
    },
    "resources": [
        {
            "type": "Microsoft.Storage/storageAccounts",
            "name": "[parameters('storageAccountName')]",
            "location": "[parameters('location')]",
            "apiVersion": "2017-10-01",
            "sku": {
                "name": "[parameters('storageAccountType')]"
            },
            "kind": "Storage",
            "properties": {}
        }
    ],
    "outputs": {
        "blobEndpoint": {
            "type": "string",
            "value": "[reference(parameters('storageAccountName')).primaryEndpoints.blob]"
        }
    }
}