﻿{
    "$schema": "http://schema.management.azure.com/schemas/2015-01-01/deploymentParameters.json#",
    "contentVersion": "1.0.0.0",
    "parameters": {
        "keyVaultName": {
            "value": "bmoore-msft"
        },
        "secretName": {
            "value": "bigSecureObject"
        },
        "secretValue": {
            "value": {
                "s01": "no longer secret",
                "s02": "no longer secret",
                "s03": "no longer secret",
                "s04": "no longer secret",
                "s05": "no longer secret",
                "s06": "no longer secret",
                "s07": "no longer secret",
                "s08": "no longer secret",
                "s09": "no longer secret",
                "s10": "no longer secret",
                "s12": "no longer secret",
                "s13": "no longer secret",
                "s14": "no longer secret",
                "s15": "no longer secret",
                "s16": "no longer secret",
                "s17": "no longer secret",
                "s18": "no longer secret",
                "s19": "no longer secret",
                "s20": "no longer secret",
                "s21": "no longer secret",
                "s22": "no longer secret",
                "s23": "no longer secret",
                "s24": "no longer secret",
                "s25": "no longer secret",
                "s26": "no longer secret",
                "s27": "no longer secret",
                "s28": "no longer secret",
                "s29": "no longer secret",
                "s30": "no longer secret",
                "s31": "no longer secret",
                "s32": "no longer secret",
                "s33": "no longer secret",
                "s34": "no longer secret",
                "s35": "no longer secret",
                "s36": "no longer secret",
                "s37": "no longer secret",
                "s38": "no longer secret",
                "s39": "no longer secret",
                "s40": "no longer secret",
                "s41": "no longer secret",
                "s42": "no longer secret",
                "s43": "no longer secret",
                "s44": "no longer secret",
                "s45": "no longer secret",
                "s46": "no longer secret",
                "s47": "no longer secret",
                "s48": "no longer secret",
                "s49": "no longer secret",
                "s50": "no longer secret"
            }
        }
    }
}