﻿{
  "$schema": "https://schema.management.azure.com/schemas/2015-01-01/deploymentTemplate.json#",
  "contentVersion": "1.0.0.0",
  "parameters": {
    "keyVaultName": {
      "type": "string",
      "metadata": {
        "description": "Name of the vault"
      }
    },
    "secretName": {
      "type": "string",
      "metadata": {
        "description": "Name of the secret to store in the vault"
      }
    },
    "secretValue": {
      "type": "secureObject",
      "metadata": {
        "description": "Value of the secret to store in the vault"
      }
    }
  },
  "variables": { },
  "resources": [
    {
      "type": "Microsoft.KeyVault/vaults/secrets",
      "name": "[concat(parameters('keyVaultName'), '/', parameters('secretName'))]",
      "apiVersion": "2018-02-14",
      "tags": {
        "displayName": "secret"
      },
      "properties": {
        "value": "[string(parameters('secretValue'))]"
      }
    }
  ]
}